Ticker,Price,High_180d,Slope,RVOL
ADAMG,24.98,25.06,0.015,0.52
ADAMH,25.09,25.25,0.0107,1.45
ADAML,25.06,25.2,0.0065,0.83
ALDF,10.83,10.83,0.002,0.97
ALF,10.92,10.99,0.002,0.01
ALOV,10.0,10.04,0.0,3.68
APAC,10.26,10.26,0.001,0.18
ARCI,10.1,10.2,-0.002,0.94
ARTC,10.02,10.0,0.0025,2.6
ATLCL,25.25,25.3,0.0037,1.07
ATLCZ,25.5,25.75,0.0065,0.71
BLUW,10.37,10.4,-0.0001,0.43
BLZRU,10.35,10.4,0.0008,0.64
BTLN,5.25,1.25,0.2236,0.87
CCID,24.9,25.05,0.0044,0.94
CCNEP,24.83,25.06,0.0013,1.3
CHPG,10.45,10.5,-0.0015,0.39
CIMO,25.19,25.4,-0.003,1.03
CRAQ,10.4,10.4,0.002,2.65
DAAQ,10.46,10.49,0.0015,0.37
DDT,26.32,26.43,0.0135,0.73
DRDB,10.7,10.73,0.002,0.07
DTSQ,11.5,11.5,0.008,0.09
ECCC,25.15,25.36,0.0092,0.37
EMIS,10.27,10.26,0.0015,7.56
FACT,10.72,10.75,0.0016,0.04
FERA,10.53,10.54,0.0015,0.35
FGII,10.03,10.04,0.0015,3.14
GAINI,25.39,25.64,-0.0024,0.56
GDL,8.34,8.41,0.002,1.19
GPAC,10.09,10.1,0.0015,0.83
GREEL,25.35,25.3,0.0275,0.99
GSHR,10.57,10.56,0.0025,2.68
HAVA,10.24,10.22,0.0015,2.37
HCAC,10.11,10.13,0.0005,1.22
HCXY,24.98,25.18,0.0015,0.37
INAC,10.33,10.4,0.001,0.74
ITHA,10.06,10.11,0.001,1.92
JOF,12.65,12.75,0.0059,0.64
KCHV,10.45,10.46,0.0005,0.25
KFII,10.67,10.67,0.0015,1.85
KMPB,24.73,24.84,0.0264,1.16
KOYN,10.24,10.24,0.0008,2.44
KTN,25.62,25.66,0.0065,1.32
LAFA,10.2,10.2,0.0025,3.14
LFAC,10.09,10.09,0.001,2.39
LKSP,10.24,10.25,0.002,0.05
LWAC,10.38,10.39,0.0041,3.15
MFAN,25.13,25.38,-0.0085,0.66
MITP,25.28,25.47,-0.0005,0.61
MMTX,10.2,10.21,0.001,0.2
NHPBP,25.42,25.45,-0.0015,0.78
NPAC,10.49,10.51,0.0025,1.13
OACC,10.78,10.88,0.002,0.52
ORIQ,10.41,10.45,0.001,0.86
OXLCM,25.05,25.14,0.0066,0.22
OXSQG,24.3,24.45,0.0112,0.74
OYSE,10.4,10.4,0.0019,4.19
PCAP,10.39,10.38,0.0015,0.59
QNBC,45.64,45.94,0.0465,3.56
RAC,10.55,10.6,0.0005,0.21
RILYN,25.25,25.25,0.0052,0.31
SAY,25.13,25.24,0.0023,1.35
SAZ,25.32,25.5,0.0065,0.99
SCCD,24.76,24.93,0.0092,1.27
SCCF,24.68,24.71,0.0237,0.84
SCII,10.17,10.15,0.002,0.68
SCPQ,10.05,10.06,0.001,4.61
SLNHP,12.82,12.85,0.035,0.13
SOCA,10.34,10.36,0.0005,1.64
SPEG,10.38,10.4,0.0005,2.19
SSAC,10.12,10.12,0.001,0.21
SVAQ,10.11,10.16,0.003,1.49
TDWD,10.13,10.15,0.0015,4.08
TVAI,10.4,10.4,0.0015,3.15
TWOD,26.3,26.3,0.0145,1.21
UAC,10.0,10.0,0.0025,0.9
WENN,10.41,10.44,0.001,0.65
XCBE,10.02,10.02,0.0015,0.61
